x2,x3,y
-0.468982674,0.743610042,1
-0.255752201,0.934394097,1
0.145706727,0.733832542,1
0.81641558,-0.124569397,0
-0.596636138,-0.616124416,0
0.79677937,-0.835411191,0
0.889350537,0.166903275,1
0.321595585,-0.859277009,1
0.258228088,0.055325312,0
-0.876427459,-0.055423429,0
-0.58805085,-0.903617259,0
-0.646886495,0.189081615,1
0.374045693,0.58254243,1
-0.231792564,0.197737367,0
0.53968284,-0.944168142,0
-0.004601516,-0.208546736,0
0.435237017,-0.787512071,0
0.98381219,-0.951777224,0
-0.239929641,0.681795536,1
0.554890443,-0.347200148,0
0.869410462,-0.411404706,0
-0.575714957,0.64579596,1
0.303347532,-0.171305151,0
-0.748889808,-0.979657554,0
-0.465558663,-0.895183223,0
-0.227771815,0.460740763,1
-0.973219334,-0.853210106,1
-0.235224086,-0.859286747,0
0.739381691,0.274343934,1
-0.319302007,-0.173388258,1
-0.035839769,-0.138564338,0
0.199131651,-0.839507259,0
-0.012917386,-0.445766643,1
-0.627564797,0.588142038,0
0.654746637,-0.817805069,0
0.336933476,-0.446635645,1
0.588479721,-0.727489084,1
-0.784112748,0.32695219,1
0.447421892,0.958260045,1
-0.177451141,-0.576377331,0
0.641892588,-0.255946031,0
0.294120388,-0.763270567,0
0.565865525,0.561072295,1
0.106072623,-0.868843573,1
0.05943916,0.567550185,1
0.578712463,-0.752295576,0
-0.953337595,0.554683345,0
-0.04553987,-0.277301854,0
0.464627477,0.231860022,1
0.385463113,0.834085458,1
-0.044760756,-0.7895598,0
0.722418954,0.431091588,1
-0.123805786,-0.687266889,0
-0.510405446,-0.476848558,0
-0.858641906,0.547582735,1
-0.80106768,0.189518141,1
-0.367456586,-0.809246567,0
0.037268526,-0.683064132,0
0.324010153,0.40218143,0
-0.186339626,-0.461634547,1
0.825751849,-0.406339873,0
-0.412793254,0.125330585,0
-0.081868547,-0.309646975,0
-0.335210652,0.992726622,1
0.301740934,-0.570220744,0
-0.483966439,0.181494395,1
-0.042909503,-0.182017905,0
0.532621341,0.079857855,1
-0.831506171,0.619613755,0
0.75064266,-0.978693713,0
-0.321854124,0.349979112,1
0.6788807,0.760363108,0
-0.306633022,-0.183822468,1
-0.332450138,0.788104269,1
-0.04729751,0.615702628,0
0.784396672,-0.895463155,0
0.728678941,0.902278939,1
-0.220020913,-0.002119297,0
0.554641398,-0.005081633,1
0.921235994,-0.597555979,0
-0.13068103,0.361994639,1
0.425029357,0.094608367,1
-0.200011262,0.219155481,0
-0.349295696,-0.383634007,1
0.514174296,-0.671877671,0
-0.59461549,0.694799453,1
0.422242445,-0.64585855,1
-0.756616158,0.172421452,1
-0.509022972,0.945113099,0
-0.713391241,0.068198628,1
-0.52074117,0.621832509,1
-0.882131245,0.301813022,0
0.284576517,0.541962214,1
0.752538425,-0.930883369,0
0.557829355,0.117320562,1
0.594617652,-0.759825266,0
-0.089451093,0.372599256,1
-0.179831836,0.828251322,1
0.621740486,0.120699521,1
0.209866581,0.15115209,0
0.309447856,0.03350031,0
-0.293605456,0.316097165,1
-0.459479708,0.17679316,1
0.985368122,-0.84015084,0
0.266986529,-0.687727493,0
-0.57358373,0.970162735,0
-0.741255304,0.983659595,1
-0.043763931,-0.410487619,1
0.84814894,0.577424929,0
0.197521934,0.37366213,0
0.95234139,-0.198346673,0
0.463585024,-0.206317728,1
-0.286546176,0.774827881,1
-0.137052619,0.644156191,1
-0.703576879,-0.469509921,0
-0.973844849,-0.637658252,0
0.431132132,0.912948135,1
-0.793631529,0.674799684,0
-0.107431303,-0.306694736,0
0.28020209,0.684172884,1
0.98367724,-0.979739634,0
-0.008812844,-0.570916152,0
-0.031300951,0.827469958,1
-0.65311533,-0.90268931,0
0.509641889,0.742461889,1
-0.092209022,0.311576012,0
0.022339568,-0.561256243,0
-0.584909773,-0.981125713,0
-0.542683715,-0.841571009,0
0.191423993,0.534901703,1
0.149744397,-0.933424288,1
-0.845871239,0.549904129,0
-0.928918841,-0.21208074,0
0.285590984,0.569634517,0
0.857230399,-0.933335409,0
0.196184845,-0.267696844,0
0.121801496,-0.58462312,0
0.052055448,0.931825075,1
0.970190448,0.129932015,0
0.015283645,-0.117768096,0
0.365576157,0.607736233,1
0.203082435,-0.668733445,0
-0.522262644,-0.587762875,0
-0.483668147,-0.302826645,1
0.458619247,-0.098370185,0
-0.094858337,-0.793646534,0
-0.649746463,0.201236924,1
0.493396539,-0.798844184,1
-0.790024719,0.914372218,0
0.729089898,0.161948879,1
0.229289943,-0.66221124,0
0.114319078,0.037142267,1
-0.342445362,-0.891354321,0
-0.093737109,-0.636250745,0
0.000881945,-0.935051059,0
-0.638267278,-0.17310319,1
0.059261206,0.421609463,1
-0.849448509,-0.123411566,0
-0.444488135,-0.047939298,1
-0.574600962,-0.240590557,1
-0.430419038,0.559936685,1
0.790188206,0.923154406,0
-0.107529353,-0.112003172,0
0.55996978,-0.446846962,0
0.76123807,0.305749883,1
-0.173751581,0.509448071,1
-0.872383039,0.177412764,0
-0.329025017,-0.266203859,1
0.447451893,0.018782052,0
-0.324769333,-0.711541773,0
0.260828245,-0.466690929,1
0.681229108,-0.652358175,0
0.712263329,0.79305459,0
-0.217281438,0.124686265,0
-0.239012229,-0.315091364,1
0.790890852,-0.432540639,0
0.288631526,0.495076966,1
0.482157297,0.12570039,1
0.210606893,0.130771991,0
0.806163223,0.266663658,0
-0.41253969,0.925173184,1
-0.61747978,0.537882408,1
0.772901887,0.523048353,0
0.006678971,-0.694555705,0
0.754115086,-0.264404064,0
-0.621612755,0.827231588,0
0.516206105,-0.007299706,1
0.448997785,-0.944530546,0
0.887449637,-0.099721229,1
0.095293174,-0.945624564,0
0.423487735,-0.963458141,0
-0.2221898,0.743924958,0
-0.798253748,0.910377779,0
0.854604177,0.785476838,0
-0.433534999,0.712617458,1
0.181146318,-0.752933849,0
-0.77927879,-0.556690522,0
0.681014064,0.380544355,1
-0.364072631,0.297544252,1
0.565702674,-0.817109616,0
-0.464983585,0.19113917,1
-0.56270943,0.888756476,0
0.033593673,-0.742684694,0
-0.462098816,0.049403778,0
-0.637663345,0.863751416,1
0.037152275,-0.116035867,0
0.125565872,-0.196056773,0
-0.741686291,-0.268954999,0
-0.487264792,0.145659955,1
0.435870552,-0.787665198,0
0.922819873,0.314427664,0
-0.799718307,0.600958316,0
0.526445379,-0.679837722,0
0.895932709,-0.001700387,0
0.637269377,-0.722268454,0
-0.383415339,0.37719642,1
0.299158921,-0.038716147,0
0.906710902,-0.58437425,1
0.9074653,0.435442671,0
-0.320041593,-0.333157857,1
-0.47505178,0.058854768,1
-0.669092134,0.186997497,1
-0.355663887,0.519778024,0
0.020250413,-0.920608181,0
0.847936943,0.262359905,0
0.021919397,-0.659300389,0
-0.484757478,0.414513172,1
-0.907078226,-0.470555451,0
-0.164287483,-0.839355109,0
0.708003005,0.426414539,1
-0.305538645,0.501628244,1
-0.737115359,-0.659548949,0
-0.251026271,-0.570355681,0
0.262840457,-0.72628942,0
-0.219842133,-0.358590426,1
0.379255698,0.319306626,1
0.378826825,-0.083506793,0
0.109801246,-0.556432321,0
-0.140751184,-0.900616769,0
-0.094559874,0.685934991,1
-0.387113482,-0.079288046,1
0.156707888,-0.910661872,0
0.820740608,-0.33995978,0
-0.714791836,-0.299035953,0
-0.169904749,-0.527558003,0
-0.578148499,-0.581354348,0
-0.142499258,-0.420830062,1
-0.73462005,-0.400339914,0
-0.079807108,0.787048008,0
0.885914118,0.525321258,0
0.523947723,-0.791941263,0
0.865819658,0.517339097,0
-0.058643005,-0.170532429,0
0.207176135,-0.557928647,0
-0.030020639,-0.9865626,0
-0.782387367,-0.939498915,0
-0.504546334,-0.499796326,0
-0.002970939,-0.559010041,0
-0.254266584,-0.383838017,0
0.86938274,0.817785168,0
0.047972156,0.877005547,1
-0.365710657,-0.01619079,1
-0.444067941,-0.663959467,0
0.575081015,-0.622210894,0
0.404925025,-0.616889557,0
-0.669944723,0.006963876,1
-0.871084922,-0.837775692,0
0.509411243,0.589393101,1
0.240820066,0.14269446,0
-0.660846467,0.937859214,0
-0.875571895,0.751537538,0
-0.781941463,0.41170632,1
-0.236567297,-0.769290645,0
-0.661378171,-0.678015305,0
-0.402694916,-0.329691331,1
-0.61558093,0.977218371,0
-0.485659957,0.828157885,0
-0.637536354,0.07019436,1
-0.045372581,-0.506212615,0
0.541474086,0.844693636,1
-0.944425755,0.506979234,0
0.054621554,0.807014627,1
0.760638138,0.303096312,1
-0.253873256,-0.958441675,0
-0.904081737,-0.808241945,0
-0.722743507,0.899173928,0
-0.357015759,0.776353177,0
-0.690336777,-0.087532017,1
-0.735543656,0.573487722,1
-0.557388145,-0.597946486,1
-0.547238408,-0.374593599,0
-0.737166932,0.059523619,1
0.963126921,-0.634001126,0
-0.345972546,0.064811282,1
0.013878994,-0.303772829,0
0.36288503,0.020496324,1
-0.801661794,0.584391373,0
-0.762194884,-0.117578898,0
-0.899120681,-0.427415512,0
0.858507839,0.867120645,0
0.347424466,-0.939097871,0
-0.810284289,0.697971202,0
-0.014807758,-0.113634561,1
-0.076896319,0.264150467,0
-0.249566938,0.559828714,1
0.982198439,-0.439052174,0
-0.647298573,-0.753591887,0
0.626870417,0.786866374,0
-0.863106726,-0.188053396,0
-0.199100506,0.510216461,1
-0.717711349,-0.778365475,0
-0.613380275,-0.323381373,1
0.682703434,0.092986382,1
0.439827977,-0.375735906,0
-0.465575834,-0.105410886,1
-0.00999671,-0.191437857,0
-0.833772204,-0.026871478,1
-0.292231519,-0.121663929,1
0.938417611,-0.466272746,0
0.249428379,0.303755673,0
0.329236499,-0.521901054,0
-0.375020687,0.626631245,1
-0.188620775,0.616489007,1
0.992154743,0.178089496,0
0.710164713,0.083733719,1
0.907096792,-0.906904778,0
0.624610185,-0.148288619,1
0.564364232,0.281279643,1
-0.464243742,-0.998687304,0
0.524303059,0.732776721,1
0.972623178,-0.797909659,0
-0.412788902,-0.808520517,0
-0.201297786,0.554480742,1
0.624263048,-0.940977177,0
-0.845696662,-0.315856239,0
-0.27260638,0.572631748,1
-0.114815066,-0.773074949,0
-0.686571735,-0.299494486,1
0.16441054,-0.339572236,0
0.940324358,0.393353339,0
0.978999667,-0.292771395,0
-0.647095927,-0.187641864,0
0.084260849,-0.383940203,0
-0.231392216,0.918405869,1
0.352328102,0.380537705,1
-0.461412441,0.771479023,1
-0.061498115,0.871710279,1
-0.656399835,0.488159803,1
-0.261621075,0.676892314,1
0.450810545,0.598713567,1
-0.027701791,0.787280585,1
-0.872395067,0.662274006,0
0.56909246,-0.258499797,1
-0.163356728,0.743959532,1
0.96203617,0.601523194,0
-0.434232088,-0.645430913,0
0.695764299,-0.673444614,0
-0.835521538,0.888978211,0
0.772917501,-0.110724797,0
-0.056138538,-0.84321482,0
-0.781798073,0.971143248,0
-0.333444031,-0.968323563,0
0.674833138,-0.010234986,1
-0.446300317,-0.146747511,1
0.174070283,-0.239869133,0
0.673464539,0.473888766,1
-0.857691952,-0.440923295,0
0.405557487,0.312567744,1
0.397649074,0.559452205,1
-0.072075238,0.444105011,1
-0.126137779,0.964812089,0
0.124353576,0.086645434,0
0.856966453,0.319775677,0
-0.539067172,-0.449921277,0
-0.556372491,-0.206111751,1
-0.159568213,0.118369157,1
-0.332958389,0.961900591,1
0.729615101,0.929933552,0
-0.645610929,-0.563920263,0
-0.013362543,-0.213658261,0
-0.140573266,0.742168968,1
0.128527686,0.383177727,0
0.312324631,-0.326496926,0
0.957108126,0.380963348,0
-0.535677703,-0.693099516,0
-0.518376808,0.780797615,1
0.593672168,0.776892058,1
0.66334343,-0.723993305,0
-0.772984587,-0.928101568,0
0.926624033,-0.2899657,0
-0.705354201,-0.242107844,0
-0.712746114,0.229553396,1
0.85045987,0.012378881,0
0.014071205,-0.324089734,1
-0.690297966,-0.341740694,0
-0.303395896,0.146594077,1
0.319642052,-0.898579913,1
-0.376455251,-0.198074025,1
-0.296853181,-0.478737913,0
-0.704308586,-0.662600632,1
0.317755218,-0.880537989,0
-0.629860071,-0.894835728,0
0.908756274,0.945540496,0
0.795696984,0.58921518,0
0.887394109,-0.936664597,0
0.447381502,0.08656961,0
-0.259285868,-0.964805933,0
0.562035081,0.553339796,0
-0.977700983,0.514602987,0
0.880617424,-0.978903707,0
0.987498452,0.635828164,0
-0.28518851,0.712691753,1
0.495270127,-0.155380605,1
0.585818048,0.26859141,1
0.411718013,-0.163849949,0
-0.048349923,-0.3506713,0
-0.010690948,0.531574452,1
-0.383895102,0.409311026,1
0.390024493,0.838102714,1
0.645586611,0.220273103,1
-0.130564719,-0.888290279,0
0.029465306,0.47230427,1
0.326021935,0.807935837,1
-0.713666827,0.40362976,1
-0.311025213,0.155399017,1
-0.188472835,0.131678502,0
-0.829377988,-0.265648988,0
0.865143856,0.113843419,0
0.676768133,0.79418034,0
0.758866592,-0.455538786,0
0.871424935,0.652666331,0
-0.855078733,0.351991325,0
-0.242481119,0.798733818,1
0.075729846,-0.406680373,1
-0.789899723,-0.229071166,0
0.603375411,0.810699354,1
0.479283492,0.562352821,1
-0.895701973,0.085101835,0
-0.035660854,0.232560372,0
0.841035681,0.851472232,0
-0.916943142,-0.394983129,0
-0.412016402,-0.273529572,1
0.001700975,0.9211219,0
0.21949787,-0.160847429,0
-0.471501901,0.128479006,1
-0.153802781,0.600952666,1
-0.266872767,-0.043610082,1
0.885010645,0.743327065,0
-0.75255287,0.403174849,1
-0.859934642,-0.743266724,0
0.928634076,0.30326713,0
-0.114979784,0.599016747,1
-0.259455239,-0.519669698,0
-0.65951284,0.727990666,1
-0.891619141,-0.042410286,0
0.315656139,-0.340516768,1
0.156323833,0.990851232,1
0.974203528,0.519084429,0
0.207584803,-0.057870087,0
-0.870100162,-0.48483126,0
-0.675781836,-0.232977545,0
-0.049204159,-0.404092776,1
-0.996134331,0.537252569,0
-0.117081714,-0.140519054,1
-0.478140526,0.311933796,1
0.876827491,-0.514686238,1
0.431666567,-0.409630801,1
-0.673829043,0.859838724,0
-0.047623963,-0.721068528,0
0.380513446,-0.035277641,1
-0.078209641,0.603451417,1
0.910293477,-0.329403755,0
0.425080245,0.094601856,1
-0.205704133,-0.898772473,1
-0.764558776,0.37036967,1
-0.519767454,0.052033137,1
0.727261133,-0.229197072,0
-0.128047197,-0.563843663,0
-0.004263896,-0.901487927,1
0.383855344,-0.322792297,1
0.520626564,0.055085681,1
-0.689197555,-0.279800933,0
0.698914186,0.983178074,0
0.893635638,-0.907283774,0
0.176838381,-0.856196212,1
0.004501631,0.352734461,0
-0.620440165,-0.675280775,0
-0.996326284,0.160747585,0
0.755156124,-0.818468292,0
-0.731777324,0.312198322,1
-0.954517552,-0.284986834,0
0.878273412,-0.53194904,0
-0.414102554,0.832860672,0
-0.671346851,-0.938889999,0
-0.201794888,-0.121851917,1
-0.080849176,0.947380642,1
-0.131938303,-0.201718385,0
0.034019653,0.839539731,1
0.692491505,-0.802472249,0
-0.889671427,-0.35866598,0
0.108354122,0.052038125,0
0.376550475,-0.85332915,0
0.316115107,0.699483504,1
0.326685451,-0.153883982,0
-0.055531595,0.976192146,1
0.939056332,-0.042251742,0
-0.195605875,0.811388011,1
0.699104208,-0.962988138,0
0.513289815,-0.615712356,0
0.065202439,-0.231385959,0
0.748299322,-0.385127152,0
-0.065769769,0.056582507,0
-0.983743089,0.456451363,0
0.455534009,0.907113069,0
0.433178958,-0.008011746,0
-0.625147258,-0.735965506,0
0.292134554,0.216937511,0
0.08395856,0.983737159,1
-0.32935848,-0.810580664,0
0.275817446,0.790566914,1
0.658402128,-0.330278205,1
0.417950397,-0.055643068,0
-0.302899298,-0.64576406,0
-0.74334425,-0.296689943,1
-0.223843022,-0.646881769,0
0.856355097,0.306091556,0
0.608781543,-0.527797846,0
0.517393614,0.794328009,1
0.914499778,-0.321704784,0
0.987827757,0.847592223,1
0.212881989,-0.004522295,0
-0.941245669,0.139682759,0
-0.327109284,0.473559478,1
-0.444683827,-0.57034496,0
-0.7656049,-0.389374485,0
-0.913563482,0.726999722,0
-0.259380429,-0.608559892,0
-0.326243382,0.701891003,1
-0.652694893,0.893941916,0
0.243546559,-0.450877776,1
-0.204312745,0.679712099,1
0.911351537,-0.712288469,0
0.306698886,0.514100743,1
-0.342512567,-0.107746869,1
-0.605706573,0.910863553,1
-0.76931535,0.270650121,1
0.991930957,-0.671798026,0
-0.24144655,-0.186061129,0
0.123976185,0.959520054,1
0.465436035,-0.706121882,0
0.741611106,0.77997037,0
0.144340519,-0.606593025,0
-0.977927858,0.241174144,0
0.812630523,0.585081986,0
0.541307263,0.467591073,1
-0.234990753,0.503440679,1
-0.811908222,0.048912718,0
-0.900692832,0.259903247,0
0.642324636,-0.088245511,1
0.658648609,-0.49199034,0
0.309465752,-0.885028013,0
-0.734344374,-0.129393604,0
-0.316380198,0.542269961,1
0.462743158,-0.741689108,0
0.814582832,0.967832526,0
0.392393999,0.628353866,1
-0.516841555,0.963361802,0
0.288214457,-0.92732062,0
-0.438499573,0.134828119,1
0.915273041,-0.196563459,0
-0.683208087,-0.085907364,1
-0.163322017,-0.19335122,0
-0.495980405,0.144412964,1
-0.811219465,-0.479498094,0
0.655435539,0.748175125,1
0.050611007,0.986174504,1
0.335495255,0.860404435,1
-0.18344448,0.97305609,1
0.685179807,0.316685332,1
0.474610936,-0.395229301,0
-0.303551198,0.734840364,1
0.897876355,0.342519122,0
0.29335838,-0.021600758,0
-0.929444466,0.25716782,0
0.192896911,0.381320142,0
-0.169363997,0.344582971,1
-0.846205924,0.764235499,0
0.056097758,0.375476396,0
0.924666617,0.999726919,0
0.417480102,-0.498927347,0
0.106951407,-0.043066894,0
-0.514086782,-0.969798604,0
0.556085058,-0.495960435,0
0.303881887,-0.346683719,0
0.660491408,0.344264024,1
0.297101895,0.496882608,1
-0.040328411,-0.315128993,0
-0.009871789,-0.439480344,1
-0.240254817,0.474756228,1
-0.099029126,0.253938791,0
0.628503501,0.267083413,1
0.857554452,-0.568037018,0
-0.70503791,0.811882059,0
0.49964333,0.172491879,1
0.951314699,-0.662832282,0
0.949584927,0.366395384,0
-0.29874886,-0.772018674,0
-0.212101886,0.055770083,1
0.901902018,0.883019207,0
-0.786703361,-0.702107112,1
0.869520233,0.178243048,0
-0.3076758,0.756552899,1
0.066121212,-0.643685587,0
0.077588599,-0.058332905,0
0.429435899,-0.717075301,0
-0.188419,-0.801234773,0
-0.694423717,-0.419297092,0
-0.319534477,-0.509048003,0
0.253309695,0.445118648,1
-0.885254643,0.072549108,1
0.70333528,-0.401997655,0
-0.574709308,-0.60059918,0
0.078924056,0.820354127,1
-0.727024828,-0.934057591,0
-0.350269719,0.19264885,1
0.242152588,-0.698189982,0
-0.488035503,0.155296526,0
0.269751598,-0.091046694,0
-0.028655786,-0.012382452,0
0.876353833,0.052414241,1
0.715003074,-0.23397422,0
-0.258232925,0.857795792,0
-0.37159634,-0.133164298,1
0.65706872,-0.510475044,0
-0.096316974,0.752514543,1
-0.368243176,-0.634680165,0
-0.804382925,-0.819352491,0
-0.870198927,-0.521680261,0
0.378914733,0.72286098,1
0.336101208,0.665111015,1
0.809093296,-0.274174709,0
-0.396613459,-0.624185729,0
0.865617409,0.537491935,0
-0.596033965,-0.118423105,1
0.584757512,-0.046581523,1
-0.550738982,0.96131392,0
-0.938486858,-0.821637126,0
0.724068082,-0.805229017,0
0.37021501,0.27133752,0
0.884149819,-0.602922022,0
0.351707521,-0.476789698,0
0.686240297,-0.362475333,0
-0.27621163,0.739153393,0
-0.21526823,-0.895822831,0
0.135374795,-0.592178293,0
-0.809695733,0.144517167,0
-0.612431857,-0.926188509,0
0.176132786,-0.963815473,1
0.503008336,-0.606900555,0
0.734477574,-0.318045017,0
-0.256408526,-0.432693416,1
0.597629099,-0.627331863,0
-0.883371215,-0.591156574,0
0.246871419,-0.536293966,0
-0.286717187,-0.187796321,1
0.175855865,0.734339023,1
0.827569284,-0.448374758,0
-0.601115634,0.505109008,1
-0.261832752,-0.318738427,1
0.342816656,0.920206668,1
0.536289101,0.257081863,1
0.044496552,0.690626393,1
0.656150036,-0.755432747,0
0.054192389,0.111414663,0
0.00350965,0.552851606,1
-0.16005336,-0.481241253,1
-0.275403433,-0.002039262,0
-0.753142179,0.168833494,1
-0.403676941,-0.030493917,1
-0.446647021,0.217079712,1
0.540450711,-0.958273471,0
0.556362604,-0.234400314,1
-0.712425439,-0.236760178,0
0.031052301,-0.865185408,0
0.194480971,-0.421547197,1
0.011686048,0.529485812,1
-0.227800734,0.603169525,1
-0.147803798,-0.591937507,0
-0.976480531,0.835720145,0
0.838663541,-0.795677864,0
-0.841120614,0.781769202,0
0.01474851,0.026862459,0
0.640343234,-0.734436477,1
0.196790836,-0.324035363,1
-0.151692948,-0.573999289,0
0.118620541,0.657404368,1
0.578188944,-0.071331242,1
-0.664569484,-0.327493038,0
0.94090346,-0.710699283,0
-0.052993803,0.736142086,1
0.859486412,-0.891354742,1
0.801878541,0.227766169,0
0.501764376,0.57126061,1
0.353137545,0.158893309,1
0.296026892,0.054338963,0
-0.853506261,-0.178973173,0
-0.152883163,0.461046317,1
0.061648728,0.767200121,1
0.885409525,-0.771049889,0
0.424449119,-0.351704512,1
0.448981151,-0.266485973,1
-0.059742765,-0.492102865,1
-0.759435488,-0.758501144,0
0.566195342,0.165935013,1
-0.123685206,-0.59313025,1
-0.13708804,0.159504637,0
-0.945004242,0.181295881,0
-0.706876314,0.954373327,0
-0.154809684,-0.584923631,0
0.534274349,-0.514507961,0
-0.990467109,-0.679507107,0
0.207191383,0.578337403,1
0.811154521,-0.808504717,0
0.413323064,-0.087419503,0
-0.474925681,-0.848491026,0
0.702152439,0.875099586,0
-0.33278897,-0.611778927,0
0.156568535,0.429157627,1
-0.13445374,0.911581383,1
-0.896809354,0.483716142,0
0.459606576,-0.48793946,1
0.096340829,0.22506454,0
0.502443971,-0.734363975,0
-0.898457671,-0.63961353,0
0.429932425,-0.840128964,1
-0.404611086,-0.457637729,0
-0.433045581,-0.1197432,1
0.659754255,0.422916465,1
-0.82720925,-0.306424058,0
-0.914685762,-0.699063727,0
-0.302518382,0.199012509,1
0.08467202,0.781236655,1
0.218921727,-0.222598114,1
-0.457255803,-0.803731773,0
-0.589538136,0.614423685,1
-0.236735703,-0.763831438,1
-0.054883769,0.52853111,0
0.6710359,-0.747491348,0
-0.757057007,0.709063576,0
0.35161625,0.073537414,0
-0.00662956,0.1923835,0
0.804475496,0.726108466,0
0.102527934,0.734876367,1
-0.742870647,-0.881813433,1
-0.115980429,-0.061020617,0
-0.615404607,-0.315036592,0
-0.130198756,0.649141339,1
-0.549733194,0.058580902,0
0.922192564,-0.1255288,1
-0.10314507,-0.887148419,0
0.554289971,-0.504450848,1
-0.683560451,-0.203827304,0
0.733617165,-0.777573438,0
-0.587708788,-0.15675486,1
-0.644100634,-0.521621536,0
-0.670217707,0.701064583,1
0.130537955,-0.54594966,0
0.454362042,0.49542465,0
0.751837978,0.435437231,1
0.416848768,-0.809670257,0
-0.045073578,-0.041550548,0
0.640559987,-0.7457159,0
-0.966775578,-0.47152599,0
0.992222202,-0.545916422,0
0.269789672,-0.630993579,0
-0.143049238,-0.965488072,0
-0.943214134,0.869640531,0
0.506665401,-0.757920211,0
-0.582732049,-0.187148713,1
0.99891081,0.578335714,0
0.814498386,-0.788263023,0
0.424930064,-0.316810767,1
0.461865768,-0.332811151,1
-0.055024158,0.548803874,1
0.725021374,0.074334316,1
-0.669169755,0.574342977,1
0.240855851,0.59517845,1
-0.41533721,-0.552188211,0
-0.087716532,-0.067684924,0
-0.908721582,-0.355312069,0
-0.644676496,0.08906006,1
-0.884135864,0.94313885,0
0.888820467,-0.701397961,0
-0.314513051,-0.27263438,1
0.035901141,0.574213669,1
0.250490671,0.173218264,0
-0.525470293,0.079578956,1
0.032247829,0.747772018,1
0.613083655,0.538853169,1
-0.303470531,-0.098325001,1
0.717374906,0.878108135,1
-0.931122478,0.117178106,1
0.941994292,0.14200025,0
0.490220272,-0.78538176,0
-0.453489516,-0.222475579,0
0.354212203,0.954956011,1
-0.304105064,-0.557096096,0
0.894041043,-0.559873473,0
-0.32275245,-0.435658018,1
-0.936573592,-0.761557649,0
-0.292828405,-0.639732678,0
-0.225752824,-0.431105166,1
-0.28610568,0.288551152,1
0.919937212,0.920710053,1
-0.23252359,-0.85781002,0
0.092675242,-0.924163061,0
0.850646952,-0.919078118,0
0.833719054,-0.166150401,0
-0.514534014,-0.495471713,0
0.434181678,-0.782813527,0
-0.302107928,0.721758899,1
0.108566701,-0.697215166,0
0.485944826,0.097759585,0
0.639396637,0.021449046,1
0.73931453,-0.378869946,0
-0.928269731,0.365955521,0
-0.559951193,0.496879641,1
-0.266053581,0.905036913,0
-0.388607116,-0.274770864,1
0.455660915,-0.307412941,1
0.399457532,-0.091539339,0
0.820121854,0.337409393,0
0.691205219,0.058183496,1
0.55708928,-0.994357624,0
-0.198313144,0.723746711,1
0.153609318,0.11377134,0
-0.847281108,0.803839734,0
0.745949701,0.90065194,0
0.912571471,0.800336645,0
0.01106216,0.387892892,0
0.848732728,0.672447751,0
-0.730972935,-0.07362258,0
-0.522525994,0.25819937,1
-0.020074756,-0.121798345,0
-0.051879806,0.939842262,1
-0.130011682,-0.440902221,0
-0.92150208,0.958937568,0
0.28866203,0.365850402,1
0.4311344,0.816012229,1
-0.296666557,0.339957771,1
0.893113498,-0.173870783,1
0.486213014,0.862772476,1
-0.898428159,-0.701682134,0
0.960729562,-0.965956679,0
-0.564355095,0.153001699,1
-0.927607996,0.017482083,0
-0.478592269,-0.421266923,1
0.440831572,-0.447194817,0
-0.504211638,0.216676759,1
-0.530168417,-0.218963729,1
-0.957976314,-0.418032716,0
-0.470758745,-0.228128552,1
0.383603239,0.643085252,1
-0.930661218,-0.534039899,0
-0.874427741,0.971436289,0
-0.204587816,0.230891704,0
-0.01994315,0.664951463,1
0.262097495,-0.526768138,0
0.446808625,0.541802687,1
-0.846468415,-0.882452894,0
-0.157107839,0.029799292,0
0.947453372,0.72202519,0
0.627611567,0.970804285,0
-0.552464554,-0.206475479,1
-0.020515388,-0.06343283,0
-0.977319614,-0.158688963,0
-0.482795406,0.83126969,1
-0.090802456,-0.035371246,1
0.481953376,0.884816646,0
0.981320024,-0.751642283,0
-0.335590108,0.127415879,1
0.889582811,0.462473429,0
0.92370684,-0.998858956,0
0.798554999,0.256711171,1
-0.01456833,-0.258547509,0
0.569870956,-0.82847625,0
0.606238094,0.352393514,1
0.355535247,0.218315491,0
0.162555157,-0.807801798,0
-0.338663825,-0.202190586,1
-0.997370687,-0.803356464,0
-0.868396072,0.589135388,0
-0.828096165,0.635265109,1
-0.973780566,-0.189971172,0
-0.328508751,-0.99482544,1
-0.761471367,0.217160807,1
0.187190891,0.18467385,0
-0.925374649,0.820314906,0
-0.980856416,-0.212097977,0
-0.676807748,0.928400554,0
0.663797976,-0.489812039,0
0.533685509,-0.718456408,0
-0.454439367,0.050508848,1
-0.623673402,-0.091866689,1
-0.54847633,0.043444748,1
-0.876059265,-0.8286052,0
-0.880199518,0.19509899,0
-0.703688259,0.367031284,1
-0.854024228,0.098712871,0
-0.914228216,0.240450937,0
0.044922545,-0.407527639,1
0.578462979,-0.431000554,0
0.389506696,0.203965525,0
-0.866847905,-0.66465576,0
-0.964084507,0.834774277,0
-0.115683153,0.981820846,0
-0.684795834,0.495336729,1
0.437720232,-0.014922781,0
0.407883665,0.865619607,0
0.77045261,0.234077992,1
-0.34947797,-0.216591873,1
0.941763133,-0.607244015,0
0.969640533,0.440157756,0
-0.921630565,0.868344147,0
0.787142576,0.385287774,0
0.644798303,0.77716186,0
0.448489386,-0.542668266,0
-0.422159724,0.0931379,1
0.003897209,-0.586001617,0
-0.143305997,0.074099564,0
0.220032032,0.938555554,1
0.852226348,0.606467813,0
-0.519753485,-0.591906352,0
-0.456236332,-0.198706277,1
0.470007293,0.658249752,0
0.503091746,-0.117745965,1
0.861183842,-0.209893513,0
-0.07453945,-0.938222616,0
0.721382353,-0.728267787,0
-0.375927161,0.354368848,1
-0.583921973,-0.875023866,0
0.841654934,0.995076428,0
-0.894526232,-0.772301966,0
-0.177689138,0.250665001,0
-0.08731757,-0.948826889,0
-0.168279505,-0.862515122,0
0.340706903,-0.623325401,0
0.51380816,0.600382888,1
0.823302629,0.669648434,0
0.639904172,0.449375421,1
-0.812700295,-0.43874021,0
-0.644187837,0.285805406,0
0.28442916,0.917571763,1
0.748565988,0.074218089,1
0.184626701,-0.137093363,0
-0.475135616,0.44823748,1
0.767504528,-0.651751742,0
-0.624621307,-0.359351238,0
-0.022266035,-0.224044523,0
-0.980359026,-0.891012185,0
-0.279131914,-0.444150871,1
-0.115676618,0.430907574,1
-0.748541557,-0.342907835,0
0.248729095,0.202910298,0
-0.395137337,0.047841635,1
-0.520725544,0.721098256,1
-0.282740473,0.065538528,0
0.785820825,-0.77715619,0
0.98125453,0.551786964,0
0.464842395,-0.874120405,1
0.985576177,0.410570535,0
0.079578724,-0.90148824,0
-0.132396476,0.562633318,1
0.929347348,0.568278525,0
-0.703360714,0.10515148,1
-0.867013888,0.710216813,0
-0.951497024,-0.58025591,0
0.224846484,-0.539889499,0
0.393217496,0.346820861,1
0.602283774,-0.110433279,1
-0.724539432,0.320130689,1
-0.680430355,-0.844356212,0
0.977667186,-0.313503454,0
-0.202708609,0.6149096,1
-0.624176368,-0.302049289,0
-0.044543518,-0.895835198,0
0.088468045,0.726565602,1
-0.343684039,0.113838909,1
0.999861187,0.819910672,0
0.055563672,0.522593264,1
-0.732530984,0.091083685,1
-0.122919864,-0.044235994,1
0.24158788,-0.305137293,0
-0.594175176,0.136415609,1
-0.731660455,0.901538374,0
0.553667996,-0.47724198,0
0.271899697,-0.786389117,0
-0.435727407,-0.492484159,0
-0.617481088,-0.638192264,0
-0.46892656,0.06277784,1
0.061617586,0.604699083,1
0.369721808,-0.041009628,0
-0.233433213,-0.645196874,0
0.909975997,-0.205733311,0
-0.763286839,0.628453985,0
-0.921799889,0.882714153,0
0.009010066,-0.653300132,0
0.15696511,-0.290118401,0
0.678607816,0.410080083,1
0.308889951,0.91848184,0
0.88905668,-0.14439718,0
0.023315259,-0.728169364,0
-0.830157882,0.627482479,0
0.989541019,0.613689921,0
-0.19711176,0.81622071,1
0.791292593,0.407203774,1
0.753716824,-0.08240696,0
-0.407030404,-0.836751173,0
-0.734816181,0.461487944,1
-0.468178185,0.865363031,1
-0.988544914,-0.928103416,0
0.639203643,-0.785921115,1
-0.650676642,-0.207222145,0
0.686161104,-0.695432513,0
-0.666575667,-0.773775545,0
0.52803887,-0.427695596,0
0.037876175,0.162019444,0
-0.454629393,-0.71674323,0
-0.313593728,-0.01116532,1
0.41015068,-0.279431206,1
0.183070602,-0.185947138,0
-0.061241925,-0.437636027,1
-0.327246789,-0.149373141,1
0.935674857,-0.07299682,0
0.291683767,0.658539309,1
-0.607397662,-0.281811495,0
-0.28563923,-0.122401909,0
0.026036164,-0.98548057,0
0.765993481,0.936295821,0
-0.694664869,-0.325003835,0
-0.539076805,-0.943111602,0
-0.674022843,-0.28691454,0
0.228693718,0.280629106,0
0.003272888,-0.426732845,1
-0.623762224,0.96553041,0
-0.184570295,-0.835397332,0
0.164776094,-0.743938363,0
-0.38214187,-0.472898038,0
-0.03806872,-0.574116745,0
0.878789585,0.892805659,0
-0.907918904,-0.309052418,1
0.069723459,-0.189154754,0
-0.114678435,0.073082703,0
0.812730939,-0.448342625,0
0.762084763,-0.188657182,0
-0.673517767,-0.128981623,1
0.504381531,-0.355891682,0
-0.194025596,-0.993128621,0
0.113905387,0.945938148,1
-0.839661436,-0.77417482,0
-0.766862815,0.09714439,1
0.850385122,0.744594761,0
0.757688481,0.72518912,0
-0.673584746,0.221087399,1
0.063127803,-0.997043808,0
0.859584337,-0.351948089,0
-0.348568012,0.740886561,1
-0.678410738,0.013668918,1
0.899415836,0.810479902,0
-0.075285903,0.97262953,1
-0.558458225,-0.370625869,0
-0.995961535,-0.974327385,1
0.238385207,-0.177911039,0
-0.194988156,0.548161852,1
0.800065221,0.904637676,0
0.011763969,0.452731549,1
0.452974162,0.032878318,0
-0.94502677,0.467909661,1
-0.241173574,0.700811327,1
-0.226510676,0.636772432,1
-0.324358549,0.443228013,1
-0.271136297,-0.117056465,0
0.277511939,-0.125779263,0
-0.934171345,0.67187053,1
0.392385177,-0.229778691,0
0.631128349,0.348830865,1
0.014845707,-0.844362908,0
-0.774814748,0.657953429,0
0.812646602,-0.967509054,0
-0.173322094,-0.774613538,0
-0.052488424,-0.017950974,0
0.42742836,0.365974105,1
-0.516257579,0.212663519,1
-0.400718745,0.794519316,0
0.408957643,-0.385014218,0
0.543349896,0.08493111,1
-0.972319319,0.471833539,0
0.102627907,-0.687695798,0
0.304922381,0.364903082,1
0.863321416,0.761558981,0
0.38078341,-0.266639734,0
-0.492465722,-0.933971174,0
-0.17792326,0.039560106,0
-0.754217774,-0.774571205,0
-0.736066889,0.804770556,0
0.280236016,-0.560056663,0
-0.307153136,0.246953003,1
-0.154486791,-0.273720565,0
0.878817761,0.577199709,1
-0.232221538,0.907278549,1
-0.542829738,0.373074592,1
0.380557372,-0.978016672,0
-0.980284165,0.915573587,0
0.372261789,-0.003793382,0
0.583349192,0.081586903,1
0.014986977,-0.880333889,0
-0.383847502,-0.677746241,0
0.474424555,0.515987398,1
-0.390569513,-0.354800448,0
0.549417404,0.23689609,1
-0.775772724,0.187856358,0
0.5954874,-0.903750333,0
-0.017997665,-0.212376003,0
0.66583635,-0.376803762,1
0.51684631,-0.134639157,1
0.804293122,-0.281017987,0
-0.443119974,0.493865686,1
-0.1086143,0.904912431,1
-0.455968529,-0.561985813,0
-0.340163349,0.65347407,1
0.727201308,-0.945048717,0
-0.780284093,0.895369101,0
-0.195486201,0.956547333,1
-0.187849813,0.62713294,1
-0.12704149,0.336590376,1
-0.645999807,-0.404591626,0
-0.4685396,0.706359505,1
0.319100027,0.692500641,1
0.63211101,-0.245046762,0
-0.157631311,0.735271689,1
-0.679871392,0.074587081,1
-0.422779745,0.155074168,1
0.604258017,-0.968696087,0
-0.671508636,0.822524978,0
0.57958547,0.2796515,1
0.04842994,0.108097864,0
-0.359929995,0.360118725,1
-0.449645824,0.879923648,1
0.603796076,-0.635428624,0
-0.791951138,-0.110468227,0
0.676244533,-0.403437265,0
-0.841474253,-0.096055695,0
0.435128134,0.820914694,1
0.729235653,0.548116232,0
0.957116416,0.361240586,0
-0.501747585,0.259573089,1
-0.950278619,-0.199812981,0
-0.554043536,-0.890920691,0
-0.755949001,0.28794958,1
-0.22952115,-0.560373917,0
-0.831339051,-0.821925433,1
-0.4348362,-0.738497582,0
0.133164918,0.758777018,1
-0.342915395,0.304080504,1
0.886949365,-0.943703883,1
-0.245392972,-0.737873864,0
0.906631225,-0.684809716,0
-0.453494265,-0.053047743,1
0.374660312,0.501395762,1
-0.726016391,0.680567838,0
0.620421543,0.750811122,1
0.525209384,-0.977862487,0
-0.115190332,-0.916861639,0
-0.086648611,-0.577282172,1
0.360910178,0.452365702,1
-0.851204182,0.58823809,0
0.29325815,0.267385932,0
0.579828223,-0.700478962,0
-0.553366987,-0.028144331,1
-0.918112019,0.497886256,0
-0.230703273,-0.4687933,0
-0.311815692,0.517356217,1
-0.107262616,-0.607986296,0
-0.226333661,-0.245135998,1
0.836635831,0.12063784,0
-0.651964913,-0.094717055,1
-0.700258875,0.772326175,0
0.226398458,0.177573262,0
-0.965513336,-0.863401443,0
-0.867779031,-0.738915518,0
0.557678083,-0.706453873,0
0.871312254,0.72063339,0
-0.585591721,0.898552031,0
0.286686314,0.792886591,0
-0.33724085,-0.772696538,0
0.910843182,0.586771904,0
0.634378314,-0.991364456,0
0.480552286,0.396279819,1
-0.554588046,0.013932969,0
-0.908550567,-0.461111794,0
-0.266946841,0.269299617,1
0.48278605,0.995313205,0
0.8670125,0.010148688,0
0.3464199,0.866465999,1
0.402714215,-0.617582226,0
0.695250816,-0.030474911,1
0.41231331,0.268251296,1
0.717615519,-0.595393736,0
-0.108711018,-0.140796178,0
0.353269984,0.341376908,1
-0.744350435,0.643175724,0
0.47234307,-0.282617613,1
-0.865509703,0.236543112,0
-0.438399861,-0.305860796,1
-0.176764633,0.51193313,1
0.886849994,0.130853809,0
0.954685066,0.255176066,0
-0.92226683,-0.215570886,1
0.175455554,0.316763777,0
-0.939976646,0.366212495,0
0.130562417,0.552651111,1
-0.803545538,0.535312845,0
0.260581577,-0.977813128,0
0.637003669,-0.53837342,0
-0.299916674,0.395428875,1
-0.73203265,0.80789758,1
-0.838113243,-0.822095852,0
-0.299113371,0.325400433,1
0.992543569,0.283514521,0
0.065937622,0.867769375,1
-0.328205239,0.811406933,1
-0.371530713,-0.943480053,0
-0.234755879,-0.346067577,1
-0.962907184,0.732701744,0
-0.926921766,-0.581004098,0
0.757026588,-0.020285414,1
-0.195871952,-0.068747016,0
-0.061237852,0.06412711,0
-0.19532698,0.887130034,1
0.404180205,0.072516716,0
-0.201671069,0.080495138,0
0.003916645,0.277635673,0
-0.926052499,0.118258742,0
-0.40404853,-0.877744099,0
0.925683964,-0.415232813,1
0.870193809,-0.032750312,0
0.922198355,-0.402275487,0
0.585190728,0.06751074,0
0.509554386,-0.111238527,1
-0.86806674,0.585344571,0
-0.728990442,-0.888032457,0
-0.752801249,-0.269941978,0
0.525087722,0.782835903,1
0.806931432,0.038479917,0
-0.19468182,-0.262718005,0
-0.634873984,-0.164874618,1
-0.250869562,-0.954607876,0
0.012417355,0.18097712,0
0.827005358,-0.013929074,0
-0.846709638,-0.794185779,0
-0.780508952,-0.190419225,0
0.508534445,-0.895062448,0
-0.390802449,-0.926865326,1
0.447619313,-0.537807706,0
-0.535339942,0.959605461,0
-0.213082266,-0.907412042,1
0.015758794,-0.736098711,0
0.879833731,0.856880891,0
-0.884249659,-0.824119878,0
-0.390468591,0.885171081,1
-0.518151912,0.348228322,1
-0.22959313,-0.992342524,0
0.525966711,0.698502516,1
0.729293997,0.031181687,1
0.35822243,-0.155300369,0
0.353525411,0.719223514,1
-0.669894961,0.179817612,1
0.605734859,-0.872264315,0
0.423986863,-0.729625155,0
0.857406178,-0.177770464,0
-0.98501079,0.660562552,0
0.192663307,-0.225734594,0
-0.266508638,0.245590519,1
0.483934311,0.21054489,1
0.524174781,0.080454072,1
-0.478554082,0.168738983,1
-0.490128237,0.545609458,1
0.35768162,0.396439113,0
-0.029038675,0.682186359,1
-0.24283094,0.955024345,1
-0.888904035,-0.536145908,0
0.798051797,0.714612135,0
0.603446628,0.369409041,1
-0.0379739,-0.39961701,1
-0.935742482,-0.677557137,0
0.024013625,0.534468742,1
-0.253797456,0.974223267,1
-0.00285663,0.716194863,1
-0.201468526,0.352139615,1
-0.958106111,0.623429145,0
0.048578057,-0.028570474,0
-0.6792023,-0.078854241,1
-0.58977153,-0.376179332,0
0.950453431,-0.958836722,0
0.93270975,-0.174570111,0
0.520140645,0.959999769,0
-0.847258936,-0.72919445,0
0.031647752,0.461351874,0
0.200610389,0.050608114,0
-0.125951818,0.923198833,1
-0.996715478,0.440460684,0
-0.128896964,0.821232772,1
0.001927538,-0.392299674,1
0.339209412,0.257335928,0
0.389714214,-0.583525115,0
0.565020629,0.700997406,1
-0.721954309,-0.896754693,0
-0.673508646,0.526551847,1
0.51908582,0.430579866,1
-0.112592765,0.535514386,1
0.259337661,0.261456913,0
-0.790974279,0.633047079,0
0.671097795,-0.167364426,0
-0.332101276,0.875443254,1
-0.600961623,-0.418433455,0
0.389090953,-0.771967704,0
-0.668242475,0.203871793,1
-0.852072192,-0.949265083,0
-0.923527623,-0.830933785,0
0.692040433,-0.332778701,0
-0.252903605,-0.859182662,0
0.761421395,0.410159695,1
-0.819364455,-0.851600992,0
-0.008185178,-0.349972441,0
0.508645472,-0.282116158,1
0.211781626,-0.223334767,0
0.056825593,0.570886742,1
0.820413365,0.208696479,0
0.971457808,0.525179506,1
-0.440514876,-0.528279115,1
-0.753016611,-0.428030646,0
-0.651241912,-0.364886662,0
0.76267051,0.843813417,0
-0.750743456,-0.099126355,0
-0.402062191,-0.748104197,0
-0.67053072,-0.712027816,0
-0.854780911,-0.37785869,0
-0.523172036,0.950577846,0
0.433333211,-0.536473453,0
0.290041984,-0.923594327,0
-0.848250067,0.126513972,0
-0.654582156,0.636925917,0
-0.708659284,-0.92008731,0
-0.216197631,-0.939761319,0
-0.536509801,0.763915676,1
0.122759646,-0.807553852,0
0.167040373,0.772580018,1
-0.802481323,0.759918293,0
-0.682166917,0.671752204,1
0.844130808,0.114487458,0
0.718899438,-0.065346732,0
0.814397507,0.528227938,0
-0.769462087,0.752426569,1
-0.928921532,0.403904863,0
0.171508775,0.373597331,0
-0.37166347,0.273740803,1
0.113778548,0.662365016,1
-0.291009169,-0.2697969,1
-0.713463377,0.141113957,1
0.134270926,0.260304484,0
-0.331802684,0.229905201,0
-0.759197619,-0.92636206,0
-0.488291352,-0.965428369,1
-0.293229367,-0.863976272,0
0.662639859,-0.409456017,1
0.566447833,-0.746591924,0
0.880304415,0.68942945,0
0.678398063,0.165785258,1
-0.702029962,0.080663577,1
0.18135217,0.128819759,0
0.647925201,-0.777044726,0
0.263770731,0.006530393,0
-0.060140077,-0.662127198,0
-0.482518193,-0.339127163,0
-0.950839298,-0.421650706,0
-0.342383745,0.743723425,1
-0.550293031,0.966151845,0
0.754663679,-0.10052024,0
0.355308401,-0.142525537,0
0.051866607,-0.40257653,1
0.115373328,-0.480901337,0
-0.505056653,0.586701172,1
-0.985406458,-0.96361367,1
0.89781287,-0.930844177,0
0.438300277,-0.942811958,1
-0.441350911,0.136850032,1
0.487565712,0.778387001,1
0.741496802,0.109713923,1
-0.23925975,-0.60535309,0
0.438895032,0.584861116,1
-0.520786579,0.895025867,1
0.295529748,-0.857519559,0
0.951341521,-0.25792201,0
-0.244002384,0.339530254,1
-0.071711743,-0.980003287,0
0.624592592,0.499787763,1
-0.011183774,0.971692484,1
-0.899381955,-0.452180685,0
-0.738756519,-0.720960695,0
-0.677123368,0.952808487,0
-0.82109368,-0.387396736,0
-0.192771824,0.138848227,0
-0.872280264,0.076415055,0
0.124011845,0.922918548,1
-0.326951784,-0.095647756,1
0.081284562,-0.24265804,0
0.826462444,-0.871153831,0
-0.226238482,0.342051347,1
0.920534328,-0.869105788,0
-0.230626817,-0.596062185,0
0.883203959,0.83716649,0
0.361271314,0.91377056,1
0.805284707,-0.521316733,0
-0.492405869,-0.186121342,1
-0.187805741,0.592294576,1
-0.971502773,0.761257193,0
-0.779104412,0.912318337,0
0.003075584,0.254388442,0
-0.256946704,-0.564118394,0
0.611831109,0.051195553,1
-0.984154313,-0.520370811,0
0.673024118,0.881299622,0
-0.246321641,-0.953727874,0
-0.229502934,0.269424659,1
0.903061151,0.942550686,0
-0.048651521,-0.785350926,0
0.104187589,-0.55047486,0
0.86943265,-0.707554516,0
0.726872512,-0.294536547,0
-0.480171031,-0.333117688,1
0.375399669,-0.827418209,0
-0.104185508,0.94229812,1
-0.563967448,0.541887316,1
0.37247363,-0.939780174,1
0.918764051,0.892815042,0
-0.481191038,-0.057112324,1
-0.062480016,0.179877512,0
-0.357320885,0.97444048,1
-0.670714371,-0.311223256,0
0.429455451,0.32374959,0
0.056331503,-0.904997601,0
-0.53057064,0.761994031,1
-0.871136677,0.863960011,1
0.351526992,0.909827491,0
0.612290724,0.510740714,1
-0.76905753,0.657109506,0
0.384028843,-0.032686156,0
-0.956427543,0.450843727,0
-0.277246583,0.771543695,1
0.4645601,-0.875139686,0
-0.374753916,0.805889568,1
-0.105693894,-0.943495847,0
0.650878136,-0.356074289,0
-0.33640907,-0.743701245,0
-0.711949666,-0.779716172,0
-0.398158496,0.02668448,1
-0.674796406,0.664586322,1
0.678943157,-0.108582066,1
0.328614954,0.511822984,1
-0.722265389,0.799459049,0
-0.348236372,-0.383905545,1
0.662860438,0.113708046,1
0.645078209,0.998389358,0
-0.701200159,-0.59581151,0
-0.157440621,-0.989200077,0
-0.109634697,-0.391827255,1
0.767854752,-0.00649317,0
-0.170005347,-0.943245675,0
0.379784324,0.74520534,1
0.433841754,0.868157291,1
-0.97524166,0.861751882,0
-0.924341103,-0.906942451,0
-0.818245172,0.670858711,0
-0.202352065,0.671779071,0
0.800429152,0.117933666,0
-0.110194743,0.762301037,1
0.510306184,0.569834663,1
0.422940479,0.808811469,1
-0.666487299,0.422869612,1
0.738284778,0.151007966,1
-0.821630929,-0.021854826,1
-0.673972673,-0.591435771,0
0.698707377,-0.619554087,0
0.256260682,0.676769237,1
-0.583080098,0.776107811,1
0.345721654,0.135556527,0
0.928411382,-0.274599048,0
0.763477704,-0.537771898,0
0.923529374,-0.231542475,0
-0.070613629,0.14487999,0
-0.854245286,0.199838274,0
0.748617507,0.588909219,0
-0.602254387,0.00917386,1
0.069179517,0.080303911,0
-0.788875618,-0.951820756,0
-0.232009965,0.554458339,1
0.495411849,-0.330130212,1
0.391581996,-0.063043816,0
-0.803216456,0.459662403,0
0.223063587,0.489437972,1
-0.958149492,0.781607601,0
0.299424498,-0.398735266,0
0.956756141,-0.796202961,1
0.685008918,-0.618620934,0
0.685571684,-0.484666639,0
-0.225095675,-0.454750924,1
0.586142204,-0.98544097,0
-0.187606882,0.835812717,1
-0.49330219,0.681016332,1
-0.161392022,-0.245881327,0
-0.009000934,0.004079985,0
0.716491914,-0.33566265,0
0.464529707,0.571070452,1
0.948856981,0.56324988,0
-0.799890181,-0.426695539,0
0.665181674,-0.224768366,0
-0.098891644,0.169317397,0
0.700918272,0.988300447,1
0.139503087,0.671471772,1
0.923085028,0.453710685,0
0.909501468,-0.1851401,0
-0.432440982,0.917052705,0
0.479212996,0.603929802,1
-0.858514849,0.409703901,0
0.800239094,0.486869446,0
-0.733158855,-0.917676632,0
0.111772155,-0.888293629,1
0.200816065,0.793580828,1
-0.734077922,0.243000318,1
0.018624675,0.431221825,1
-0.265900185,-0.987080549,0
-0.993390905,-0.698379258,0
-0.904040279,-0.219324695,0
0.7640969,0.428323752,1
0.64703408,-0.419348801,0
-0.173938198,0.674663102,1
0.843466436,0.618992846,0
-0.045194133,-0.636264612,0
-0.050011153,0.230847548,1
0.315672134,-0.803655859,0
-0.673359092,-0.44964087,0
-0.809611258,0.560291552,0
0.723029585,-0.124915604,0
-0.520241661,-0.556055437,0
0.110808264,0.146131718,0
0.69881319,0.560973195,1
-0.300704839,-0.688955138,0
0.95147719,0.694259534,0
0.73881106,-0.503396378,0
0.508248102,0.604198165,1
-0.55265316,-0.78601925,0
0.539632931,0.158088567,1
0.749427169,-0.875220763,0
-0.912413784,-0.818563426,0
-0.600478586,-0.400097007,0
0.707484717,0.281660305,1
0.304508257,-0.014781869,0
0.738664038,0.11062836,1
0.627273175,-0.883153211,1
-0.277104724,-0.314176078,1
-0.818208308,0.360109334,0
0.149310581,-0.131228501,0
0.309460827,-0.495757158,0
0.644409553,-0.707143459,0
-0.08884897,0.244261987,0
0.968657797,0.15935481,0
0.500796756,0.113355217,1
-0.732888626,-0.951302309,0
-0.569652975,-0.29162151,0
0.696759075,-0.244222072,0
-0.069317629,-0.94821617,0
0.831535581,0.35285468,0
0.833115477,-0.889886071,0
0.639709168,-0.913470564,0
0.133802315,-0.988935579,0
0.230954322,-0.586438366,0
0.58960058,0.826817033,1
-0.120606903,-0.317807614,0
-0.174825494,-0.281650869,0
0.13097057,0.732519168,1
-0.696704336,0.947180932,0
0.614921691,0.960516791,0
-0.008717267,-0.854575255,0
-0.718981634,-0.076588186,0
-0.779421442,0.861634617,1
-0.778417873,-0.73961883,0
-0.990571441,0.718126246,0
-0.52319129,0.04003747,1
0.757645758,-0.551242688,0
-0.845562685,-0.145735179,1
-0.72292288,0.52482571,1
-0.90495085,0.187656608,0
-0.932162253,0.439018741,0
0.832178037,-0.431817327,0
0.680400788,-0.116650056,1
-0.642257167,0.502776704,1
-0.00946411,0.868184683,1
-0.386082946,-0.857173322,0
-0.451246076,-0.220163903,1
-0.743512289,-0.744749131,0
-0.141236173,0.957413082,1
0.391889927,-0.677657742,0
-0.329878563,-0.768202043,0
0.402492867,0.572139458,1
0.68106983,0.810587095,0
0.765264013,0.199740204,1
0.5331787,-0.399726685,0
-0.355944745,-0.547907745,0
-0.915765984,0.276848096,0
0.785419845,-0.441950291,1
0.27621029,-0.057139052,0
0.108986232,0.845671225,0
0.532659896,-0.105920742,1
-0.806277411,-0.647746602,0
0.496032975,-0.070184837,1
0.750435975,0.734273541,0
-0.984662809,0.641270622,1
0.869833971,0.891853347,0
-0.186068684,0.025080777,0
0.577526779,-0.7895473,0
0.952255249,0.825831404,0
-0.333194908,0.979411832,1
0.574429642,0.090361751,1
-0.821278168,-0.175536898,0
-0.912600196,0.138375446,0
0.029867476,0.870360722,1
-0.903821345,-0.04265085,1
-0.821607745,-0.110481795,0
0.376651043,-0.32898692,1
-0.930322933,-0.876060255,0
-0.138178151,0.164701975,0
0.518588102,-0.655168823,0
0.663593909,0.679252484,1
-0.235074966,-0.437353749,1
0.231109638,0.584273626,1
-0.310026699,0.458231665,1
0.064557548,0.680752567,1
-0.479981786,-0.010383986,1
0.145721245,0.916858873,1
0.811693357,-0.846337124,0
0.132043757,0.27893965,1
-0.887026364,0.695380734,0
-0.795772509,0.12375126,0
-0.343316288,0.167741046,1
0.981201014,0.879526364,0
0.428730679,-0.391194957,0
-0.842051632,-0.051085214,0
0.228432899,0.658914061,1
-0.013532654,-0.68665055,0
-0.46180469,0.863664123,1
-0.413778274,-0.62808687,0
-0.0494434,-0.414353095,1
0.928157093,-0.487219681,1
-0.152735796,-0.778922523,0
0.688194192,-0.84836574,0
0.907654703,-0.922947106,0
-0.42705295,0.843863043,1
0.081698796,0.468822661,1
0.162756636,-0.447411411,1
-0.487426211,-0.296939381,1
0.756167937,0.736847823,0
0.764604775,0.541098524,0
0.974669369,0.982878191,0
-0.796758198,0.95536137,0
0.237550004,-0.313262534,0
0.40946754,0.786598478,1
-0.702823138,0.28869839,1
0.781621183,-0.4118853,0
-0.6746594,-0.434906841,0
-0.756267061,-0.889703196,0
0.955113715,0.996491003,0
0.254220531,0.92121944,1
-0.96160114,-0.719374297,0
0.658328289,0.913204665,0
0.997754951,0.761399219,0
0.736191032,-0.534658912,0
-0.20617785,0.615482478,1
0.872483565,0.854618025,0
-0.350454208,0.648232448,1
0.944895123,0.705594359,0
0.125196908,0.694486372,1
0.158658076,0.575984226,1
0.649380707,0.460107165,1
-0.603111045,-0.426383371,0
0.23797927,0.456938582,1
-0.55087077,0.094075609,1
-0.94955254,-0.628084831,0
0.513010249,-0.293747285,0
0.276313889,0.348756664,0
-0.884262174,0.641397285,1
0.347595626,-0.292125561,0
0.383089541,-0.169693125,0
0.490457919,0.995491261,0
-0.751876259,0.736663858,0
-0.697656427,0.536071542,1
-0.645138749,0.013067241,1
-0.982261064,0.59938251,0
0.267577286,-0.747057946,0
-0.25449823,-0.973557616,0
-0.444559902,0.715464998,1
-0.654982999,-0.81564469,0
-0.592577717,0.254422278,0
-0.556258237,-0.671262835,0
-0.493136991,-0.487401563,0
-0.659804621,-0.442847239,1
0.843353528,-0.564245728,0
-0.309373083,-0.429973723,1
-0.829781582,-0.659841834,0
-0.24436439,0.480191716,1
0.086687039,-0.019793557,0
0.574021852,-0.187581455,1
-0.359372945,0.770309885,1
0.676077037,-0.234737963,1
0.99694097,0.525344352,0
-0.573114015,0.765781633,0
-0.125407017,-0.337048569,1
-0.242540007,-0.965050346,0
0.931153417,0.56205074,0
0.282233004,-0.058418279,0
0.612270668,-0.89933102,0
0.838124378,0.612083989,0
-0.882755104,0.499764032,0
-0.044714289,0.717494269,1
0.393765577,0.83161843,1
-0.910656981,-0.16309398,1
0.513708634,0.696223448,1
0.18334745,-0.335431102,0
0.020280926,-0.70901361,0
-0.094796467,-0.144592891,0
-0.949036068,-0.420476148,0
0.923687219,-0.333588826,0
0.975254879,-0.221511709,0
0.268719116,-0.328878707,0
-0.148917306,-0.78194194,1
-0.46674819,-0.824206088,0
-0.838861024,0.808971442,0
-0.339716873,-0.155855471,1
0.788100206,-0.938206424,0
-0.386649603,0.185105185,1
-0.195152318,-0.119247855,1
0.147582795,-0.422613516,1
0.193976769,-0.145530968,0
0.140034275,-0.734431249,0
-0.563857424,-0.062222281,1
0.640253489,-0.897032735,0
-0.926688438,-0.03293038,0
0.25116563,-0.301853628,0
-0.133042124,0.755887521,1
-0.286147723,0.915044911,1
0.54733528,-0.345283893,0
-0.653095904,-0.423497214,0
-0.013582054,0.949170423,1
0.474377817,-0.475654227,0
0.022002046,0.612730131,1
-0.049826168,0.994587273,1
0.175799881,0.716246238,1
0.145074759,-0.949682606,0
0.309835481,-0.922129095,0
0.730251112,0.113336964,1
-0.206307248,-0.56067946,0
0.920232311,0.493628879,0
-0.23824549,0.096903884,0
-0.65982344,-0.367796339,0
-0.536790243,-0.603618318,0
0.899840419,0.763464042,0
-0.832983685,-0.677272258,0
-0.613911968,0.579432616,0
-0.85060941,0.843516496,0
0.210032016,0.042521278,0
-0.568314207,-0.959271235,0
0.175974521,-0.7569295,0
-0.542204794,-0.559389137,0
-0.218149642,0.253569918,1
-0.304188173,0.433006825,1
0.836758805,-0.25162517,0
-0.775921753,-0.139998266,0
-0.490047713,-0.624355667,0
-0.62675186,-0.658638036,0
0.491087046,0.12024371,1
0.865937565,0.904011382,0
-0.010576212,0.437656052,1
0.289987362,0.222157158,0
-0.648394826,-0.063100059,1
0.205989292,-0.948097136,0
0.775515332,0.603989396,0
-0.019581191,-0.340931736,0
-0.963232855,-0.987962183,0
-0.641218415,0.885700539,0
-0.401217723,0.539775426,1
-0.446071878,0.952318754,1
-0.876781151,-0.43199649,1
-0.289357305,0.496509927,1
0.154075508,0.225534682,0
0.070063117,0.025602861,0
0.208545661,0.748874477,1
-0.027702043,-0.973436192,0
-0.736746864,0.11099132,1
0.929140097,0.848193159,0
0.484923153,0.070859766,0
-0.266321231,-0.544301499,0
-0.69834941,-0.991465522,1
-0.546120653,0.349484013,1
0.490233618,-0.776479789,0
-0.898815244,-0.770428257,0
0.187986594,0.546234743,1
-0.693498703,0.451941914,1
0.52556145,-0.843204844,0
0.99056213,-0.98978303,0
-0.652003779,-0.089480003,1
0.238261645,0.97805127,1
0.075966348,0.238896491,0
0.636516524,-0.525254244,0
-0.356506186,-0.276670719,1
0.164653874,0.485244646,1
-0.858135241,-0.605365329,0
0.141288026,-0.947571533,0
0.121354501,-0.856032054,0
-0.131658121,0.163665165,0
0.92389757,0.208414129,1
0.422543369,0.965209808,1
-0.483060936,-0.943525756,1
0.851355075,0.724277638,0
-0.158376674,-0.645154378,0
0.632601491,0.319245494,1
0.509330095,-0.088836658,1
-0.175713391,-0.368412415,0
0.028833664,-0.665572592,0
0.084569437,-0.140235336,0
0.948048608,-0.129401995,0
-0.85272409,0.997626617,0
0.539007611,0.610312408,1
0.745109818,-0.326177258,0
0.979731169,0.014439941,0
0.930295288,-0.419020809,1
0.272842637,0.109176651,0
-0.869221412,-0.468178082,0
-0.74317049,0.890154091,0
-0.014430439,-0.746468738,0
0.32648972,-0.088622221,0
-0.621242573,0.308605053,1
-0.644803213,0.224705094,1
-0.768879349,0.137888534,1
-0.6860952,-0.952734113,1
0.714821699,0.766773786,0
-0.150278937,0.024523275,1
0.756683342,0.341460016,1
0.649653128,-0.552748336,0
0.957639234,-0.79454117,0
0.269086032,-0.77905276,0
0.383046552,-0.248206845,0
0.584366679,0.683833463,1
-0.931658709,0.077240645,0
0.639987362,-0.017186248,1
0.375272325,0.975662676,0
-0.136446216,0.655505163,1
-0.512248426,-0.706657669,0
-0.983704594,-0.636381241,0
-0.157787713,-0.185510594,0
0.573913816,-0.983703304,0
0.191184246,0.572595416,1
0.969926117,0.12943279,0
0.056086912,-0.469471772,1
0.046556836,0.654425952,1
0.57288961,-0.350568884,0
-0.824555181,0.989059863,0
-0.487776039,-0.521007312,0
-0.28679176,0.62502389,1
-0.501889084,-0.926760911,1
-0.649963025,0.711054059,1
0.145844162,-0.997676004,0
-0.033213703,-0.461939078,1
0.619897938,-0.077582035,1
0.501030468,0.275802772,1
-0.305112405,-0.805294324,0
0.613748969,-0.36544689,1
-0.496471544,0.151615472,0
0.185927108,0.327016117,0
-0.687568533,0.582702626,1
-0.649680697,-0.76341238,0
-0.547245398,-0.537661881,0
0.583926504,-0.298835937,1
-0.223247041,-0.083328102,0
0.822444065,-0.855618046,0
-0.756305898,-0.513261856,0
0.975670314,0.036509004,0
0.510575841,0.002508878,1
-0.378448332,0.349059576,1
-0.960269284,-0.600919741,0
0.364566123,0.045905567,0
-0.122527867,-0.506042722,0
0.767401411,-0.4769779,0
-0.851512429,0.602443636,0
-0.092660888,-0.188647292,0
0.776072541,-0.467400651,0
0.400318483,-0.899596916,0
-0.390768778,0.623704903,1
0.169781605,-0.176133378,0
0.74090754,0.178902911,1
-0.106952881,-0.924195919,0
-0.325253921,-0.425265931,0
0.133817217,-0.012339514,0
-0.168470037,-0.416368638,1
0.66532133,0.920062162,0
-0.692584824,0.25897568,1
0.317298086,0.518695826,0
-0.997946362,-0.548835067,0
-0.359098143,0.861398565,1
0.900265761,0.756036834,0
-0.974894981,0.823908563,0
-0.841818469,-0.219277567,0
-0.573423259,-0.25856818,0
0.989686518,-0.415549788,0
-0.015920825,0.28376765,0
0.255268236,-0.220005334,1
-0.98807733,-0.932399814,0
-0.428292003,0.167960372,1
0.972960834,0.62855918,0
0.51538465,0.144561796,1
-0.863450018,-0.527936051,0
0.621527957,-0.7727373,1
-0.754257186,0.653043718,0
-0.180163279,0.879946038,1
0.855087291,-0.938676756,0
0.108416479,-0.917749235,0
-0.971466771,0.74861951,1
0.934730562,-0.295559466,1
0.540131065,-0.385029478,0
-0.840095174,0.742363772,0
-0.269160303,0.846102321,1
-0.039146909,-0.019494381,0
0.351521384,-0.015430079,1
0.572894501,-0.629953005,0
0.620116115,-0.476574309,0
-0.842644993,-0.303505551,0
-0.662171118,0.381706963,1
-0.926534412,-0.71925538,0
-0.519715382,-0.046447914,1
0.824390364,0.66523962,0
-0.99727304,-0.468827236,0
-0.545399104,0.550469467,0
-0.663474136,-0.629010152,0
-0.70047497,-0.219532944,0
0.296194322,0.984050124,1
-0.028854901,-0.70640815,0
0.386488639,-0.657708467,0
-0.420661087,-0.734671451,1
0.957343319,0.423941658,0
-0.423747341,0.8237035,1
0.051529042,-0.167436313,0
-0.844355461,0.56967095,0
0.357107671,-0.691253026,0
-0.636100567,-0.975416164,0
0.05960891,-0.83552911,0
0.603357658,0.038186006,1
-0.373625608,-0.863414995,0
0.382546823,0.621184669,1
0.546089045,-0.840289118,1
-0.476412735,-0.690562042,0
0.357520306,-0.8654077,0
0.984286592,-0.125900351,0
0.10297504,0.507378919,1
0.861368947,-0.975674811,0
-0.58519131,-0.187158287,1
-0.540081921,-0.176694379,1
-0.032026821,0.954407059,1
-0.077881212,-0.557186364,0
0.565442714,0.473422214,1
-0.998789468,0.64750639,0
0.50124676,0.900687872,1
0.661464875,-0.802952262,0
-0.370657527,0.384837901,1
0.42406632,-0.431547226,0
-0.496576902,0.602150069,1
-0.381305004,0.66358943,1
0.391909694,0.359677117,1
-0.153808706,-0.167921136,0
0.705780426,-0.312356502,0
0.068799833,-0.406250647,1
0.096355033,0.644267211,0
0.691087957,0.001759712,1
-0.24594184,-0.006427397,0
-0.667912643,-0.271276137,0
-0.621503943,0.698762962,1
0.713735632,-0.372934848,0
-0.324993531,-0.57578321,0
0.55005647,0.171586917,1
-0.861859596,0.684733701,0
-0.518101469,-0.749232184,0
-0.514396324,-0.244939232,1
-0.225774022,0.343207425,0
